year,total_requests,median_response_hours
2010,1792794,96.0
2011,1719887,73.25972222222222
2012,1599084,72.0
2013,1626265,72.0
2014,1919623,51.266666666666666
2015,2087660,48.0
2016,2193271,28.943194444444444
2017,2296660,26.75
2018,2557444,35.75
2019,2496893,27.316666666666666
2020,2863682,7.566666666666666
2021,3149203,12.25
2022,3119265,6.579444444444444
2023,3176431,7.029722222222222
2024,3404740,6.1819444444444445
